word,tf,df,tfidf
hiv,23546,991,56156.48553362054
children,38603,2684,53604.90820980477
neurons,23820,1388,48784.89937068336
alcohol,27075,1912,46779.60756034841
breast,25215,1719,46248.99395901435
pain,20952,1447,42038.84790104777
child,20712,1996,34895.2319028219
sleep,12970,735,34809.05807282859
rats,18409,1642,34609.16808314524
depression,19131,1765,34584.597031212026
infection,23185,2435,34452.48642590163
sexual,14309,1007,33897.34666665151
mitochondrial,14150,1013,33436.623506616685
cognitive,21213,2284,32880.15414553973
tumors,17334,1636,32651.60943281949
memory,17862,1754,32402.19659495773
diabetes,20113,2201,31919.66657884676
mutations,19481,2129,31564.59872955997
injury,19331,2196,30722.583616790438
smoking,14891,1371,30681.238998127614
lung,20235,2467,29804.65052109341
bone,16485,1797,29505.015862186494
liver,17896,2076,29447.608900183914
cortex,14044,1362,29028.586781170685
rna,18052,2164,28954.868718776528
men,17599,2098,28773.37905551979
immune,19632,2520,28499.177306362733
prostate,11210,879,28079.91631605556
virus,14158,1497,27926.164875252052
anxiety,12848,1309,27066.43192373225
muscle,15061,1805,26889.4258731226
maternal,10822,989,25831.999660999656
membrane,18230,2619,25761.46785245756
disorder,16791,2332,25676.834454695585
stem,14948,1938,25624.93746361023
task,14080,1825,24982.82688258791
substance,11487,1264,24601.101288686867
learning,13764,1810,24535.72899966933
adolescents,11623,1341,24205.047238164207
cardiac,12233,1497,24129.169015324085
drinking,9158,774,24104.88071252847
surgery,16117,2412,24102.525582030397
stroke,11271,1275,24040.843600319255
parents,10467,1113,23748.25616601838
insulin,10147,1042,23691.0790608222
receptors,15625,2443,23167.213983478934
viral,11420,1419,23136.646936840792
youth,9128,877,22885.509591503895
glucose,11498,1481,22802.95952532096
image,15514,2478,22781.947586031376
animals,15895,2580,22700.270808285768
obesity,10694,1294,22651.92697344631
dose,15908,2620,22474.093327535033
vaccine,7560,558,22372.49551687225
domain,15973,2664,22299.901059809217
peptide,11635,1606,22131.88607715603
macrophages,9641,1094,22040.17231800923
adolescent,10039,1201,22013.257625024784
abuse,10560,1345,21959.884047176623
intake,9503,1074,21900.029281223426
neural,12417,1849,21869.85765177634
antibody,14652,2447,21700.57467680612
mrna,12322,1852,21682.559488951363
lipid,10903,1473,21682.003994190818
inflammation,13768,2245,21577.52579621895
bmi,9032,995,21504.659374305535
food,12924,2055,21397.65470992622
mri,9206,1078,21181.358261617726
behaviors,13573,2263,21163.52543745392
plasma,13711,2300,21156.33850368629
kinase,12948,2101,21150.753066221612
mental,13139,2166,21062.425843383815
infants,8096,804,21001.708087885465
rat,13058,2155,20999.0629179055
pregnancy,8565,929,20980.610109565834
exercise,9011,1057,20909.969454555023
differentiation,13042,2166,20906.93034853579
phosphorylation,10473,1466,20876.7827255535
delivery,13210,2218,20862.851523411955
training,13704,2360,20792.625161548815
neurosci,11172,1706,20576.333070198034
resistance,14480,2600,20567.63877092306
transcription,13542,2362,20535.35651779825
nmr,7661,748,20426.377118598735
mutant,10934,1666,20397.409183940388
psychology,10758,1624,20343.767928860598
endothelial,9928,1400,20247.721655927435
asthma,6803,554,20181.229297519498
mutation,11691,1922,20138.474407450776
motor,9938,1419,20134.150372882996
tobacco,7311,700,19978.063685188736
cortical,9333,1272,19929.10976212893
visual,10693,1701,19725.507274491843
renal,9307,1300,19670.942221141362
schizophrenia,6658,565,19620.18079738921
psychiatry,11867,2071,19555.59256931866
kidney,9941,1507,19542.093029252108
cocaine,6144,448,19531.103439577542
methylation,6888,635,19493.444789215442
items,9927,1529,19370.699639813494
stimulation,11688,2052,19368.34328822495
mothers,7290,756,19359.633023252067
inflammatory,12089,2175,19329.0999563496
energy,12034,2166,19291.059639187217
students,11382,1976,19290.826951993335
syndrome,12897,2414,19276.41547250998
suicide,5703,367,19266.569899185622
vascular,11086,1893,19264.869607790995
variants,9715,1483,19253.7837347668
diet,8882,1232,19249.866423553725
compounds,9614,1461,19197.305905679346
depressive,7799,924,19146.324245863365
species,13065,2488,19133.030265739377
neuronal,9687,1517,18978.710213233968
nanoparticles,5748,402,18895.007682737723
antibodies,12403,2364,18797.656727325626
radiation,8729,1255,18756.81335184462
cardiovascular,11229,2027,18745.3739181547
apoptosis,10057,1702,18546.359664723554
residues,8526,1228,18506.038171787914
birth,9277,1464,18505.35207696734
pressure,11842,2274,18407.063784160324
hypertension,8868,1355,18375.622527638287
repair,8835,1351,18333.36208850211
matrix,11888,2324,18220.00825014148
proliferation,11306,2152,18197.355732651016
aging,9935,1734,18136.318744023156
inhibitor,12610,2561,18102.041874810933
fluorescence,9903,1742,18032.31931082701
gender,12516,2570,17923.194715302063
developmental,11415,2282,17703.252231410108
transplantation,7327,969,17639.16014362663
inhibitors,11032,2177,17628.923137183203
childhood,8943,1504,17598.0377402991
immunol,9168,1579,17594.64574182947
genome,10167,1914,17555.696385304236
opioid,5053,334,17546.758633099314
metabolic,11215,2275,17427.531696454058
eye,7033,908,17388.666212984463
community,12396,2648,17380.727233982747
staining,10252,1976,17375.642058674723
epithelial,8664,1453,17347.910761187268
connectivity,6220,662,17343.961267838247
dopamine,5880,567,17306.747839339125
psychological,9832,1855,17285.08655467388
migration,8382,1377,17233.570263948102
adherence,7236,1002,17177.76098624419
language,7962,1255,17108.689186319953
ifn,5747,549,17100.68886099838
art,5831,580,17030.343168970037
cholesterol,6481,778,17025.309885544586
dietary,7087,977,17003.10994803498
ptsd,4449,236,16994.521375266606
injection,9882,1941,16925.15025871612
marijuana,4666,287,16910.52443435664
temperature,11662,2545,16814.2463776103
nuclear,10718,2245,16797.495749845635
bias,11139,2421,16616.578847373137
ref,6394,810,16539.037021505806
metabolism,10771,2329,16484.902364820187
violence,5162,452,16363.548188832448
childrens,8124,1436,16362.28044279522
medication,8044,1412,16336.731324496117
problems,11373,2559,16335.175580351784
lesions,8496,1580,16299.60692696401
bacterial,7709,1299,16299.398875125173
collagen,5845,666,16263.093489132718
fibrosis,6273,807,16249.32889431767
damage,10606,2330,16227.81868950869
emotional,7458,1223,16218.328120367594
strain,8110,1460,16199.660537648862
intestinal,6112,761,16190.996095766173
host,8573,1628,16190.763930955774
pediatric,8082,1454,16177.01289372019
infected,6963,1061,16131.297877884166
oral,9150,1854,16091.034633682515
fat,6916,1052,16081.327838995328
sequencing,8325,1561,16072.260365327293
ovarian,5810,677,16070.532586003961
grade,8000,1446,16057.018907853457
synaptic,6063,766,16021.487179335772
peptides,7015,1106,15960.377767588556
buffer,10095,2226,15906.915955913688
attention,10877,2512,15824.395168386021
skin,8386,1631,15822.161081776669
spatial,8709,1756,15788.458940374421
wildtype,8060,1521,15769.87741996526
uptake,7720,1396,15766.690967818735
carcinoma,7574,1343,15761.66494273477
spinal,5816,716,15761.380933178367
hpv,3531,125,15731.91157203916
mitochondria,5459,603,15731.563702754238
users,7151,1210,15627.13842053629
influenza,4474,329,15603.638793056281
eating,5342,580,15602.142549929333
oxidative,7483,1342,15577.865818388369
melanoma,5236,559,15485.649558385156
peak,9112,1991,15374.599802985018
cannabis,3866,203,15349.867125155166
pulmonary,7076,1236,15312.804555021183
chemotherapy,6850,1158,15270.253640262044
temporal,9250,2075,15225.19783520424
snps,4545,381,15184.319557429926
environmental,10086,2389,15179.97079996904
marrow,6103,914,15049.102047536317
consumption,7373,1405,15010.625702821162
african,7806,1575,15000.581115826782
people,10404,2556,14955.593427113667
mechanical,6855,1220,14923.867143183033
services,9904,2397,14872.941106610544
chemical,10168,2496,14857.8785252782
severity,9998,2438,14844.535060679436
networks,7887,1639,14842.089332469908
surgical,8042,1704,14821.004372959118
trauma,5898,874,14807.538797433566
smokers,5087,587,14796.34806019587
histone,5413,701,14783.855033924488
strains,6366,1060,14754.220880514184
hippocampal,5398,702,14735.192455018389
vitamin,4944,551,14693.315643642729
medium,9701,2378,14645.2959515007
nicotine,4440,402,14595.308648461289
emotion,4742,502,14534.62665174408
acids,9799,2454,14484.971371968519
molecules,10380,2670,14468.163153687286
families,7787,1684,14442.989421477163
nerve,5721,864,14428.997016104442
females,7388,1528,14421.145468349368
incidence,10202,2618,14420.708796891042
adhd,3789,240,14409.73690959048
dysfunction,9137,2223,14409.69637688212
retinal,4293,376,14399.128215725466
cord,5406,754,14370.723298628309
transplant,5462,775,14369.54286465856
hippocampus,5174,670,14365.124922440778
pancreatic,5319,726,14340.735423566795
hiv1,4558,465,14319.624111674219
perceived,7047,1416,14291.967790748588
media,8499,2008,14268.030136519177
ion,6225,1096,14219.526584360387
class,9770,2521,14178.935637151857
reading,6523,1225,14174.398396734268
pmid,3020,99,14159.463026518722
compound,6859,1366,14157.262199111776
transfer,8579,2074,14124.88920880828
sequences,8322,1972,14121.437282696666
incubated,8786,2165,14088.422392960767
replication,6829,1370,14075.373096845873
bacteria,5755,933,14072.578143606794
calcium,6378,1185,14071.052475161543
pcr,7361,1593,14061.78790775322
parental,6034,1052,14030.470240095114
race,8181,1937,14028.681468952776
magnetic,7549,1679,14024.004593768406
spectra,5666,913,13977.726719840331
asd,3071,114,13965.32741098191
males,7010,1477,13921.267540519777
force,7181,1549,13919.068206051483
survivors,4743,572,13918.545866974078
alzheimers,5149,722,13910.840272006657
amino,7997,1893,13896.911623083583
drosophila,4500,492,13883.422723686379
odds,6814,1403,13882.269085071304
tnf,5262,771,13870.607756056224
psychiatric,6938,1458,13868.11047849735
longitudinal,9759,2599,13865.604098283326
metastatic,5604,907,13861.725535341773
head,7742,1803,13830.901395883355
fatty,5667,939,13821.066582384397
respiratory,6570,1318,13795.771745976264
ros,4604,539,13784.229571121583
physiol,7814,1846,13775.358041789166
dynamics,8731,2222,13773.334069883133
experiment,9757,2626,13761.923702521459
mmol,3379,184,13748.299521030363
complexes,7179,1586,13745.727240196195
ligand,6963,1499,13724.980056764944
vector,7588,1766,13713.119989656863
substrate,7742,1833,13703.142721148442
autophagy,4103,382,13696.893735607431
income,6109,1144,13692.697903338307
simulation,5575,927,13668.395868537544
algorithm,7313,1661,13664.403805621443
safety,8390,2112,13661.379288329876
nucleus,6712,1407,13655.353975385253
accuracy,8845,2299,13651.852765512129
pbs,7018,1539,13648.575747913099
immunity,6425,1297,13594.494188604369
parenting,3768,294,13565.191867710926
amygdala,4165,415,13558.762849463776
supplemental,8103,2027,13526.918234821223
stimuli,6732,1451,13488.743555644689
hepatic,5258,828,13485.038076923967
parent,6297,1271,13451.175945083878
diagnostic,9253,2516,13446.997646960705
neuroscience,7258,1688,13444.603732800906
mgkg,5374,882,13443.016450580411
coronary,5516,944,13423.503721902782
regulatory,8726,2311,13422.753408610379
functioning,6899,1551,13363.560332261564
symptom,5929,1131,13357.007073909648
word,4470,543,13349.987774811061
domains,8495,2238,13340.088227905791
pubmed,3791,320,13326.740262611496
cluster,6535,1407,13295.25301387703
sem,6901,1569,13287.80658293825
assays,8819,2387,13280.453962439116
western,7818,1977,13246.412218606783
tasks,5831,1111,13240.264971325803
daily,9284,2589,13226.513605391166
partner,5562,999,13220.479028763328
phenotype,9047,2509,13172.832056837928
reward,4235,480,13170.41659983396
neuron,5872,1147,13146.10822734504
promoter,6204,1293,13146.04885560663
induction,8932,2471,13141.701263811638
cortisol,3565,271,13124.779030068265
agents,8859,2455,13091.845490383921
distance,7401,1837,13083.448433971957
cerebral,5964,1206,13052.926035478693
mutants,5302,920,13039.262129826038
probability,7520,1902,13032.329373674826
sirna,4088,446,13013.595360369181
peripheral,8141,2177,13009.160919126944
microbiota,3496,262,12988.826061487776
transport,6583,1498,12980.343614777206
microglia,3589,291,12957.583831014721
lesion,5209,897,12942.426752673573
infections,6497,1474,12915.702661351865
atp,4763,717,12901.099549636476
leukemia,5085,852,12896.054462201924
cytokine,5978,1246,12888.508619647197
chromatin,4638,670,12876.971277595734
toxicity,6645,1552,12867.272114963282
tbi,2940,136,12850.82490856516
transition,7824,2083,12847.941598326024
enzyme,7770,2061,12841.767929858182
discrimination,5021,834,12840.958276848902
particles,5063,861,12787.058432354985
dependence,7166,1817,12746.463006465048
intracellular,7554,1993,12738.215366990313
activated,8860,2557,12732.650987455561
gut,4727,728,12731.62010800352
motion,5224,941,12729.533033436826
autism,3744,360,12720.538526904886
aids,5164,918,12711.115643494612
cytokines,5965,1278,12709.220662983269
antigen,6159,1367,12707.925855645412
genet,6985,1746,12702.928193158901
sensory,5033,864,12693.784649895762
recovery,7365,1929,12659.895538015195
allele,5047,877,12653.721177510972
plt005,6762,1658,12647.079703075839
fit,7944,2190,12647.062038288934
participant,7191,1854,12645.97049735639
fear,4598,690,12630.669991264584
home,6687,1629,12624.802947860147
transcriptional,6550,1566,12624.495477205168
cns,5072,900,12585.097822587486
signals,8721,2553,12546.548182270639
skills,5173,952,12545.139197578897
missing,8174,2320,12541.869278788261
egfr,3901,433,12533.702495010017
epilepsy,3562,321,12510.60829461668
yeast,4461,653,12500.197707317791
sections,7468,2022,12485.311325917975
simulations,4663,740,12483.00758355015
placebo,4355,613,12478.463505800508
channel,5713,1218,12447.01775033723
layer,5968,1339,12437.344349599023
adolescence,4745,783,12434.5148281445
communication,6664,1666,12431.711615308099
oncol,6292,1495,12419.163948123309
week,8310,2422,12392.992537745917
transmission,6338,1528,12371.578232051746
degradation,6419,1571,12351.543325277486
impairment,7075,1878,12350.976828007702
iron,4030,504,12336.263217459966
recognition,7614,2132,12326.0608066842
genomic,6926,1824,12292.933820890916
partners,5278,1048,12292.69898916382
sessions,4867,861,12292.042937047543
biomarkers,6249,1520,12230.656234098078
cancers,6213,1506,12217.68654626336
product,8070,2370,12210.220953814709
oxygen,6544,1668,12200.000031395446
frontal,4434,688,12193.034111936093
stimulus,5077,979,12170.34133187199
neighborhood,3824,448,12156.077401195396
coli,4736,834,12112.084923154032
metastasis,4803,868,12091.51432354682
systemic,7353,2081,12081.566797399091
resolution,7868,2320,12072.354720517009
accumulation,7121,1988,12025.940377744158
embryos,3757,442,11993.748682648962
feedback,5977,1449,11984.212682329025
diffusion,5007,983,11982.124752788503
vehicle,4930,949,11971.395590220991
genotype,4938,954,11964.873227885899
onset,7959,2399,11945.476090247792
latent,4501,760,11929.294363472989
covariates,6057,1508,11902.878526199998
skeletal,4459,746,11900.88446217898
resonance,6249,1608,11878.957290567792
products,7919,2402,11875.54434063531
infant,4331,697,11853.50677741007
ventricular,4051,580,11831.576089435366
donor,4775,905,11821.700627439726
urinary,4178,638,11804.293427370707
providers,5099,1065,11793.750855401964
recurrence,4561,816,11764.047784648696
doses,6275,1652,11758.984871049666
mhz,3475,365,11758.657783847206
fusion,5038,1048,11733.728212847162
bars,6906,1970,11725.662486498482
dendritic,4692,886,11715.7682987732
words,5141,1102,11715.319932922404
correlations,6797,1921,11711.792455526187
extracellular,6381,1717,11711.367745737913
biopsy,4456,779,11699.997641788894
respondents,4248,688,11681.553655278422
variant,5356,1224,11642.895847554215
percent,7867,2460,11609.860068934431
exposed,8060,2550,11605.07113206624
nps,2479,100,11598.035165346295
secretion,5372,1245,11586.291766624112
fetal,5789,1460,11563.48148612198
cultured,6613,1873,11562.083652620437
dementia,3911,560,11559.926448444852
variance,7363,2239,11559.167438516857
deficits,5325,1237,11519.249772027091
allergy,4336,757,11509.133743340122
oncology,5680,1423,11491.555434867865
fraction,6831,2005,11478.022917146367
colon,4450,816,11477.748880001469
deletion,5771,1474,11472.451909906358
walking,3631,457,11470.330362736768
medications,5574,1377,11460.262544887464
genetics,6923,2056,11458.715184626204
vaccination,3379,363,11452.380269010195
obese,4249,728,11444.183168797748
myocardial,4614,901,11443.543638643738
deficiency,5947,1577,11420.643653924544
living,7200,2208,11403.657783384526
adverse,7359,2288,11393.574794423479
hivinfected,3356,362,11383.684744481228
ethanol,4672,946,11359.693273077857
affinity,5616,1428,11342.374748457643
actin,4653,941,11338.154135639654
random,7617,2432,11328.113022561887
expressing,6435,1851,11326.902789089068
threshold,7185,2228,11315.111626625869
modeling,7749,2506,11292.15764763819
prediction,6706,2010,11251.284989077598
electron,5241,1260,11240.984671941766
knockdown,4228,754,11239.25603155762
basal,5637,1466,11236.744411720145
dynamic,7793,2545,11235.930545422489
gastric,3612,480,11232.950356222022
programs,6735,2037,11210.073107072103
matter,5944,1634,11203.83068519896
visits,4969,1131,11194.293835428747
microscopy,5938,1637,11181.62921526813
channels,4649,981,11134.87246454625
posterior,4718,1018,11125.461868966262
working,7096,2246,11117.854068880619
adhesion,4593,957,11114.510561214982
initiation,6895,2147,11113.753796577508
bound,5965,1674,11099.150152875545
air,4693,1011,11098.89125191537
item,4657,993,11097.41259673686
adipose,3494,450,11091.480024925479
cessation,3704,539,11089.658195359329
caregivers,3475,443,11085.646136639518
gyrus,3318,382,11076.357156896285
ultrasound,3720,548,11075.959542818842
mood,4314,826,11074.421914418994
artery,4619,981,11063.019125347198
gel,5222,1294,11061.189700330711
regulates,6963,2200,11053.561456284298
wave,4148,750,11048.656601511311
cigarette,3719,552,11045.934742394742
stability,7240,2347,11025.00372932943
fluid,5551,1477,11023.816849846688
macrophage,4184,772,11023.581520478778
load,4902,1138,11013.108454722198
classification,6791,2127,11009.677523242053
chain,6625,2043,11007.498260410852
arthritis,4141,756,10997.01513707638
phys,4875,1128,10995.476378944142
diabetic,3896,641,10989.269188953798
spectrum,7000,2240,10986.168349459147
visit,5133,1266,10984.959617226357
antiretroviral,3290,382,10982.885788483658
gfp,3767,584,10976.219744962946
assembly,5249,1330,10974.344361624127
reactions,5987,1724,10963.881232765825
session,4567,979,10947.793748800352
joint,5270,1350,10939.591925426925
preterm,3012,286,10926.608169606185
theory,6972,2248,10917.368034762443
fmri,3332,407,10911.86877508498
interview,5015,1222,10909.829726741293
shape,6019,1758,10904.93340980277
clusters,4824,1124,10897.58356524235
dental,3201,358,10893.485646138814
sodium,5809,1652,10885.727986601994
nodes,4216,814,10884.545855234144
recruitment,6772,2161,10871.480378444425
metaanalysis,7078,2318,10866.313648004321
treatments,7622,2589,10858.73402631317
metabolites,4213,818,10856.14868289488
lymph,3968,699,10848.643039099397
reactivity,4451,943,10836.482419356427
doi,3924,682,10824.958721192594
anterior,4702,1080,10809.74493147816
airway,3443,467,10801.911572873936
variability,7370,2486,10798.918251736153
scheme,4761,1117,10785.007445511603
pathology,7353,2484,10779.92685010006
speech,3284,404,10778.971028977672
arm,4457,961,10766.816605174556
prenatal,3460,481,10753.045076487422
distress,4249,860,10736.166600672612
enzymes,5545,1555,10726.541561100235
ligands,4755,1130,10716.395113118999
cvd,2769,225,10709.338334904847
neonatal,4150,815,10709.056959782047
gml,4888,1204,10706.084437940986
fiber,3934,709,10699.804294854954
fracture,2898,269,10690.641976362607
efficiency,6399,2025,10688.625875835758
infect,4529,1022,10662.022322333007
anova,6040,1842,10661.062358286246
plt0001,5054,1306,10658.681092463736
lifetime,4782,1159,10656.069753119584
prefrontal,3767,636,10654.903759174636
subunit,4761,1151,10642.250718955183
clinic,6252,1968,10621.589625053386
fibers,3817,666,10620.398263134231
node,4016,766,10612.28641138256
problem,7424,2580,10602.50459142583
viruses,3735,630,10599.79534135333
postoperative,3665,597,10598.32478254055
sampling,6033,1859,10593.283033563495
wound,3589,563,10589.000451499858
chemistry,6370,2043,10583.813421708246
cultures,5184,1399,10576.24538331698
lateral,4838,1210,10572.520721375271
localization,5923,1809,10561.62280520859
lps,3093,354,10560.698536535048
innate,4548,1056,10557.910493196676
parameter,5495,1579,10545.656451936402
overexpression,4998,1306,10540.579362907352
defects,5086,1358,10527.590019803783
noise,4388,980,10514.22368162298
ions,3767,661,10509.666032555575
experiences,5170,1412,10499.86336992105
moderate,7469,2640,10495.062138778369
inhibitory,5505,1601,10488.676792886246
contact,6449,2117,10485.612864677583
confidence,7449,2634,10483.907960149989
column,5388,1539,10478.558867163832
colorectal,3873,723,10458.163309073223
policy,5249,1472,10441.869644818835
thickness,4756,1203,10420.919398873493
injected,5201,1453,10413.952431779198
quantification,6327,2080,10398.807875106317
mixture,5750,1765,10394.722331789722
engineering,5717,1747,10393.668683331241
csf,2870,291,10361.734632212942
pvalue,5632,1713,10349.826532679166
post,6661,2277,10344.997272610244
database,6936,2423,10341.035306782498
cost,5830,1827,10338.066213264508
monitoring,7042,2481,10332.492682425502
dorsal,3948,786,10330.838092448641
california,6827,2371,10326.634075281554
space,6257,2066,10326.015427070699
ngml,4061,847,10322.993253557801
predictors,6511,2207,10315.340577593144
coping,3550,590,10307.642364017227
aortic,3138,403,10307.53672694814
ischemic,3825,728,10302.188896364178
purified,5544,1688,10269.61740075065
neck,3853,751,10257.7575749229
educational,4488,1097,10247.671684992127
specificity,7047,2514,10246.714148072757
girls,3302,484,10241.479434015379
questionnaire,5230,1523,10225.938741586355
mirna,2671,235,10214.1664312422
auditory,3149,420,10213.558093952457
orientation,4695,1224,10206.011203186528
crystal,4278,992,10198.583698840594
urine,3666,667,10194.756378563961
hormone,4512,1124,10192.764727689362
neutrophils,3254,472,10174.29735612068
probe,5215,1531,10169.288437380224
racial,3869,778,10163.697569383121
protective,5768,1848,10162.203796744865
yield,6279,2133,10161.927620690652
bowel,3348,518,10156.856138154164
retina,2763,273,10151.84767591564
persons,5152,1503,10141.533619457097
suppression,5664,1800,10128.035281598595
regeneration,3491,593,10118.626380904509
surg,4674,1235,10118.544035104484
mdd,2326,139,10116.262071720123
centers,6750,2408,10105.640728458844
improvement,6756,2414,10097.810570851936
impaired,6768,2421,10096.149173087475
selfreported,5114,1495,10094.024861840846
dis,6577,2321,10088.659977233008
device,4191,973,10072.228975704298
late,6370,2214,10071.78314917563
bar,5605,1785,10069.438953485189
ses,2819,303,10063.691758187993
addiction,3786,755,10059.273340177877
subject,7189,2658,10052.770694079652
illness,4916,1393,10050.608583539604
hearing,3062,404,10050.30733578856
reconstruction,3688,706,10046.36473387197
alterations,6039,2042,10036.810556786244
neurol,4622,1234,10009.715470339444
testosterone,2564,217,10009.308362060066
fibroblasts,3855,803,10004.993496437746
treg,2397,166,9999.555258891707
tau,2696,264,9996.052651593789
household,3805,778,9995.572305893713
aged,5595,1805,9989.133374949934
eeg,2719,274,9980.240839029704
figures,6464,2301,9971.26734673073
bipolar,3224,489,9966.419796163076
base,5794,1927,9965.471982572233
amyloid,2852,327,9964.099693804552
epigenetic,3799,782,9960.328468463653
embryonic,4360,1096,9959.379262299002
rural,3667,712,9958.126669509124
cognition,4181,997,9946.318857273392
axons,2934,363,9944.150254298878
igg,3871,826,9937.201490662013
implementation,5107,1538,9935.39076160044
cartilage,2600,236,9931.615099054434
fluorescent,4959,1453,9929.396290942712
endogenous,5950,2031,9921.031217489046
traumatic,3475,620,9917.52590136036
laser,3780,781,9915.35056984347
capacity,6599,2395,9915.29614668913
barrier,4938,1446,9911.194920872547
catalytic,3823,814,9869.928558956388
feeding,3548,667,9866.61091957036
estimation,5292,1668,9865.892445926756
spectral,3561,674,9865.585466480872
native,5018,1508,9861.093684079839
suicidal,2601,243,9859.408661758453
disability,3966,896,9858.458138892182
event,6139,2160,9858.130610040673
amplitude,3761,783,9855.892575058264
solid,6014,2092,9849.776957267692
regulate,6325,2270,9842.64024746027
applications,6616,2431,9842.132239106324
pet,3125,462,9837.871484745792
decision,5567,1841,9829.20422951304
arterial,3627,716,9829.183054442561
hepatitis,3304,550,9825.321172265685
input,5126,1584,9821.288843552185
composition,5953,2068,9818.559896495548
movement,4790,1386,9817.136549098104
estrogen,3386,593,9814.28499734823
murine,5405,1752,9810.996523875421
interval,6822,2555,9809.191870023971
gestational,2884,361,9790.619949889902
hispanic,4560,1259,9783.984938631565
segmentation,3046,434,9779.607100976562
mirnas,2446,198,9772.789335047326
healthcare,6101,2171,9766.118378161134
south,5277,1691,9765.660618101661
receiving,6428,2364,9742.105735971067
normalized,6338,2314,9741.194540835631
hand,6905,2626,9739.272641786478
molecule,5782,1999,9732.733238089355
oxide,3778,820,9726.00547120923
demographic,6430,2372,9723.413889112251
lipids,3759,810,9723.21554016896
susceptibility,5102,1603,9714.471332540463
maltreatment,2259,146,9713.874269407554
disparities,3873,877,9710.295645036655
glutamate,3363,600,9708.154075240018
labeled,5620,1913,9707.177577791983
coverage,4222,1080,9706.24055735874
diagnosed,5796,2018,9701.469792402513
executive,3516,682,9699.427844982965
workers,3225,532,9697.704892869462
adaptive,5039,1571,9696.125068713702
wild,4210,1077,9690.363664875256
mammalian,5547,1876,9689.425473410032
stained,5249,1699,9689.069495129888
offspring,3203,524,9680.081238259558
speed,4384,1186,9668.220146241692
online,6431,2394,9665.55428181039
fatigue,3308,580,9661.52893207904
hematopoietic,3440,650,9655.08722738884
month,5175,1666,9653.977732475903
search,5085,1616,9641.030470401902
decline,4981,1556,9632.307916142498
map,5205,1695,9620.119109938307
oxidation,3720,811,9617.746448956123
complications,4823,1465,9617.41525942551
ecm,2612,272,9606.62700015028
vaccines,2765,334,9601.580767963509
block,5928,2131,9599.430530955322
recurrent,4242,1123,9586.601050221589
effector,3879,909,9586.322708776881
category,5155,1677,9582.74293256438
particle,3468,682,9567.012447781834
enrichment,3893,922,9565.640346512308
logistic,4704,1411,9556.786646691009
constant,6084,2237,9556.703423857238
promotes,6224,2323,9541.821664068215
delay,4597,1352,9535.757113619627
strength,5731,2040,9530.530811424367
pharmacol,5261,1760,9525.643821842874
computational,4687,1410,9525.571875115673
acquisition,6141,2282,9523.93096391498
plt001,4336,1197,9522.33322294553
optical,4069,1037,9519.818394383448
electrode,2835,375,9516.408193551997
axis,5214,1735,9515.138478894523
choice,5224,1743,9509.35544483426
perception,4144,1086,9503.962589087785
parkinsons,3070,487,9502.938304371653
costs,4474,1287,9501.051535195484
dataset,4252,1154,9493.416244950742
cleavage,3938,966,9492.627492168249
labeling,4234,1144,9490.077414099589
count,4733,1449,9489.924481422666
plasticity,3917,956,9482.766566784598
saline,4478,1297,9474.886377676321
marker,6750,2646,9469.436095297066
induces,6631,2582,9464.851975677717
discovery,6108,2286,9462.055022633145
conserved,4727,1454,9461.610981021448
snp,2834,383,9453.228634073961
gait,2510,251,9433.159375942207
physiological,6568,2560,9431.130630277517
mild,5205,1760,9424.249399865454
dcs,2330,189,9417.712630157948
circulating,4386,1257,9417.621645678095
elegans,2521,257,9414.94596457034
atherosclerosis,3324,635,9407.115342530797
astrocytes,2828,387,9403.832658926487
adulthood,3938,992,9388.037074809316
lymphoma,3212,580,9381.145988463686
diameter,4633,1421,9379.82186733255
gain,5451,1926,9378.353780614494
metal,3401,684,9372.22361101324
burden,5757,2114,9368.634374877094
predictive,5561,1999,9360.728041683657
insurance,3430,704,9353.28555644526
screen,4918,1607,9351.869131476442
blot,4000,1039,9350.67910040466
likelihood,5913,2214,9349.207811785793
unit,6426,2513,9346.303595348598
emergency,3589,797,9341.553594715126
ages,4992,1662,9324.590699598713
elements,5506,1979,9323.512534211633
proinflammatory,3889,979,9322.524608952172
resources,6004,2278,9321.994255648362
washed,4969,1649,9320.648675451102
shift,5365,1895,9317.44726518894
tube,4083,1101,9308.054417157498
kit,5453,1957,9294.724650879934
marital,3406,703,9292.681334171411
chromosome,3820,945,9292.145563859402
transfected,3535,781,9272.688958835097
technology,6653,2674,9263.324565806666
acquired,6359,2508,9261.520175022168
reporting,5754,2152,9261.240481662298
loading,4313,1259,9254.019087789022
protection,5110,1761,9249.338420868391
carbon,3746,914,9237.086067519424
categories,5540,2032,9234.67008456119
hcv,2197,161,9232.407844471398
physicians,4231,1217,9221.632357363633
loci,3419,726,9218.081295953163
donors,3270,645,9203.197379553105
dev,5102,1772,9203.087777950437
curve,5303,1900,9195.797609346197
wellbeing,3392,720,9173.435223813467
bond,3725,918,9169.036749035135
younger,5014,1729,9167.523796512747
organization,6282,2503,9161.91049849646
personality,3385,719,9159.208852702584
practices,4461,1381,9158.971053661098
valve,2435,251,9151.292063912062
peer,3126,577,9146.180528038107
middle,5637,2126,9141.445150541638
therapies,5646,2133,9137.481023478169
metastases,2980,502,9133.949266595815
fixed,6559,2675,9129.990961962201
equation,4522,1430,9126.544782203799
phenotypes,4697,1545,9116.428797551564
organ,4583,1475,9107.66068970552
medicare,2874,453,9104.233175421687
eyes,2867,451,9094.744495342346
epidemiology,6174,2469,9088.839719304082
profiles,5912,2314,9086.453475137307
san,6436,2629,9070.415323304209
cues,3526,822,9068.672326654492
behav,4393,1372,9048.08180211867
velocity,3053,556,9045.780935862771
wall,4164,1226,9044.922749368436
abstinence,2531,302,9043.912831277397
nfb,2776,414,9043.702191633216
cervical,3070,567,9036.006099791006
reporter,3409,760,9035.095419924333
translation,4340,1345,9025.179617873726
recombinant,4170,1236,9024.080694522094
stiffness,2688,376,9015.806346114618
fold,4471,1433,9014.243930862198
circulation,4719,1594,9011.788918426244
tolerance,4032,1153,9005.718943595137
expansion,4459,1428,9005.635506298546
synthetic,4334,1348,9003.046261471758
prepared,6193,2515,9002.489648946961
axon,2690,379,9001.136939407328
inhibits,5384,2023,8998.531865911771
fish,3078,579,8995.089606395128
urban,4018,1149,8988.412610196876
retention,4192,1263,8981.102795018785
asked,5485,2095,8975.516512135186
stigma,2495,296,8965.344158131447
literacy,2393,254,8965.01435154218
biomarker,3891,1075,8963.338049559905
upper,5636,2194,8962.379178558362
selfefficacy,2431,270,8958.871453308104
composite,3819,1032,8953.37748318678
striatum,2687,385,8948.893440549178
hydrogen,3584,888,8941.047891178268
depletion,4040,1177,8940.357022118067
encoding,4604,1544,8938.905571974548
viability,3841,1051,8934.881944437337
axonal,2766,426,8932.090065529206
knee,2421,269,8931.002147955098
intermediate,4778,1660,8930.611807812362
identity,4348,1381,8926.968424415705
involvement,6054,2465,8922.001859046684
tcell,3376,766,8921.085389648288
los,4020,1170,8920.077448402533
mapping,4735,1636,8919.19756919351
nervous,4703,1619,8908.045478294527
coefficient,4885,1738,8906.300053932144
cdcl3,1937,109,8895.354607252308
mast,2386,259,8892.277710939039
transgenic,3796,1035,8888.436721661505
sets,5516,2148,8888.434469113148
abnormal,5131,1904,8886.746027406638
neurology,4115,1242,8885.130647754175
reliability,4691,1620,8882.419467435857
evolution,4641,1589,8877.414326039121
correction,4422,1449,8866.352431196075
pairs,4545,1532,8859.815820264845
americans,3639,945,8851.863274053498
sepsis,2597,358,8837.9825751398
cytometry,3459,837,8833.800687464061
washington,6026,2485,8832.042017537391
gradient,4325,1400,8820.648283832208
substrates,4101,1253,8818.740414159032
coupling,3825,1073,8818.422840154079
platelet,2728,425,8815.790061368862
exhibited,5604,2234,8810.243343945263
tgf,2692,409,8802.755498544235
adjustment,4493,1518,8799.696893443963
medial,3282,738,8794.906488330937
pca,2389,272,8786.4593810716
administered,5996,2487,8783.248529092338
appendix,3482,864,8781.990492934045
zebrafish,2329,248,8780.92394166247
residue,3482,865,8777.962730772962
membranes,4199,1332,8772.747796505142
stat3,2260,222,8771.074428581536
knockout,3866,1115,8764.508402195665
psychol,3762,1051,8751.113219206785
reproductive,3255,732,8749.125086038208
mode,4760,1714,8744.589655123096
agent,4672,1656,8743.757470824235
object,2839,495,8741.638724310402
boston,4769,1722,8738.916285303443
germ,2371,270,8737.755744875984
sle,1822,89,8736.576356365156
ratios,5305,2074,8734.413947164929
maps,3576,938,8725.203330286344
nuclei,3812,1092,8721.541928921806
european,5423,2155,8720.931092341976
microbiol,3412,836,8717.848182430736
challenge,5867,2436,8715.845862953338
computed,4850,1784,8715.791697343122
direction,5098,1948,8713.120687625355
hazard,3183,700,8697.876721372691
face,4260,1399,8691.127571938721
hcc,1896,110,8689.753647173524
hospitals,3249,742,8688.912865334256
modulation,5188,2019,8681.216055240635
marriage,2346,266,8680.639775104255
true,6035,2555,8677.583250600215
bind,4578,1617,8676.939340521401
satisfaction,2894,537,8675.302333875281
downstream,5049,1932,8671.015021959613
plasmid,3305,783,8660.921287042693
feature,5131,1990,8660.070236560394
genomewide,3631,993,8652.502713925604
prognostic,3905,1174,8651.57344549723
experienced,5519,2247,8644.589034469134
mtdna,1802,89,8640.67540843579
countries,3723,1059,8632.160534890025
pregnant,3174,710,8628.261259027808
invasion,3272,771,8624.97692470847
somatic,3382,841,8621.029503261216
sham,2430,310,8619.480868992516
abundance,3614,992,8615.633821320687
recall,3473,902,8609.80749183647
color,4243,1418,8599.2077337966
splicing,2712,452,8597.044302230453
academic,4566,1638,8595.278123161166
plate,4056,1294,8591.379820862001
tract,3896,1188,8585.448709418317
validation,5907,2521,8572.668660046675
attitudes,3127,694,8571.769316403848
resection,2873,546,8564.599142978615
mscs,1843,104,8550.216753989773
exchange,3837,1161,8543.643712136096
radical,2947,593,8541.848165146259
regulated,5150,2051,8536.645191859261
vectors,3384,864,8534.823615189203
spectrometry,3483,930,8528.122644124915
pathogenesis,4773,1803,8526.85253972504
nucleic,4015,1290,8516.964369411367
correct,4552,1659,8510.93574279728
apoe,2072,177,8510.81051767424
scd,1982,147,8509.223837613721
agonist,3243,781,8506.74124285777
remodeling,3673,1062,8505.83997503572
mtor,2464,341,8505.238375891182
clearance,3582,1002,8503.418995678094
framework,5010,1972,8501.369957499435
curves,4361,1533,8498.28893063993
maintenance,5325,2184,8492.152536212052
sensor,3014,645,8482.702416505523
abnormalities,4415,1576,8481.384958880037
maturation,3778,1145,8464.699106101134
gbm,1832,106,8464.288239265812
inhibit,5162,2088,8464.244020375369
barriers,3867,1206,8463.391176927584
externalizing,2172,219,8459.097343025813
constructs,3772,1143,8457.850370273854
nutrition,3887,1223,8452.754277804886
womens,3638,1054,8452.29650296647
microbial,2975,630,8442.942741774072
progenitors,2668,457,8428.213001316908
biochem,5254,2166,8422.405463211702
homeostasis,4224,1466,8420.083092976032
band,3459,944,8417.675738589869
caregiver,2436,340,8415.74212996569
staff,4134,1408,8407.55652068026
aureus,2190,232,8402.912604029641
scan,3739,1138,8400.24735051128
progenitor,3094,713,8397.742057862182
simulated,3202,785,8382.836155034383
subunits,3120,734,8377.745181267936
locus,3598,1050,8373.043686329667
infectious,4012,1335,8373.032747808562
relapse,3013,670,8365.31144014574
stages,5350,2254,8363.238083063588
technologies,5256,2194,8358.10237091958
fathers,2161,225,8357.847649595296
rare,4593,1745,8355.46586767283
units,4764,1868,8342.050542268884
hypoxia,2727,507,8331.456123635313
infusion,3090,726,8331.053291750592
incubation,4213,1490,8329.74292327012
plant,2782,539,8329.219519300661
effectiveness,4771,1878,8328.83539878795
surveillance,3773,1185,8323.938693757369
sclerosis,2928,627,8323.534596461557
ethnic,3356,901,8323.479074834933
pulse,3065,713,8319.030189834386
distal,3605,1073,8311.219434968747
reactive,4012,1357,8307.456250738478
mammary,2496,386,8306.30460625196
nave,2859,589,8306.131428507035
benefits,5192,2174,8303.875554711882
psa,1972,160,8299.181623306067
coefficients,4178,1480,8288.677376869644
multivariate,3935,1310,8286.721812270443
myelin,2071,197,8284.994157584637
met,4992,2049,8279.61447686377
term,5696,2517,8275.494951986675
monocytes,2764,539,8275.328091785417
postnatal,2982,672,8270.354619369538
morphology,4148,1468,8262.930306543563
nursing,3223,829,8262.043218462808
transcripts,3233,836,8260.493310023028
overweight,2777,550,8258.146760103453
recipients,2750,537,8243.6355971517
researchers,4820,1946,8242.93506665041
mother,3016,700,8241.531948369475
reverse,4862,1979,8233.003621746633
mesenchymal,2724,524,8232.45123103935
steps,5327,2297,8226.616949824662
tcr,2109,218,8223.388975494438
socioeconomic,3530,1048,8221.5285016575
interface,3885,1298,8217.178530817748
counts,3923,1325,8216.786376981214
frequencies,3864,1286,8208.650152460525
tool,5748,2582,8204.489391674788
microbiome,2126,227,8203.66794977657
trajectories,3152,798,8200.16493190184
polymer,2659,493,8198.16124054733
timing,4268,1578,8193.579490143236
technique,5023,2106,8193.206543223005
antagonist,3238,857,8192.936054537258
controlling,5488,2419,8191.247514679924
fgf23,1332,23,8189.388480961295
electrical,3106,771,8187.401689530717
conditioning,2705,522,8185.3737623495235
validity,4622,1832,8183.344461306316
epithelium,2920,653,8182.151379817967
specimens,3344,932,8180.597581865494
ventral,2868,622,8175.932855486758
relation,5542,2469,8158.462864331588
personal,4264,1590,8153.597224284794
magnitude,5198,2242,8153.375725029956
nucleotide,3606,1122,8152.501342504608
invasive,3598,1117,8150.484517738027
participation,4487,1750,8149.79508168207
settings,5158,2218,8146.145961980232
discharge,2836,610,8139.957558417687
partial,5116,2200,8121.502284984988
complement,3187,842,8120.1692574903545
neutrophil,2524,432,8115.311641161656
malignant,3423,1007,8108.925685928305
raceethnicity,3304,926,8104.08269225512
alleles,2866,637,8101.935841060504
sizes,4900,2060,8100.79027164215
heterogeneity,4431,1732,8093.89358113267
adaptation,3519,1081,8086.809616986808
beta,3891,1347,8085.687062873
arrest,2992,722,8083.362612904238
bottom,4845,2029,8083.327390784828
stromal,2779,587,8083.163211968611
loop,3491,1064,8077.800799179119
array,4099,1501,8074.197634789847
environ,2852,635,8071.327604361562
prescription,2657,516,8070.84209090993
myeloid,2872,648,8069.725696603793
plaque,2313,329,8066.878973701202
north,5219,2294,8066.650634159308
conformational,2921,681,8062.31478480862
tuberculosis,2258,303,8060.94926924033
place,5740,2643,8059.0395081616325
deviation,5474,2469,8058.359025505434
subtypes,3513,1087,8053.576666205169
cumulative,3710,1228,8052.709549300159
shared,4526,1818,8048.094690361394
lens,2418,386,8046.732587306587
psychosocial,3388,1001,8046.259407566961
vessels,3116,814,8044.650115016507
goal,5618,2574,8036.365729852991
clinically,5778,2679,8034.221732877117
rice,2721,563,8028.049659663169
issues,5632,2592,8017.144727557374
ieee,2810,621,8015.111042790028
preference,3376,1003,8011.02173453303
extended,5321,2388,8010.618064071314
optimal,5577,2561,8005.954602364836
candidate,4089,1519,8005.756041879289
delayed,4146,1561,8004.275252209844
entry,4095,1524,8004.046172660815
ratings,2893,677,8002.074143082524
output,3602,1168,7998.729441329616
scales,3800,1312,7996.62802744616
predictor,4588,1886,7989.865750196067
incident,3013,759,7989.51783226875
qualitative,3708,1249,7985.494129525413
agreement,5055,2218,7983.475734356353
minority,3456,1072,7970.926779312694
exposures,3087,814,7969.780136410769
conformation,2915,699,7969.706264862587
plates,3775,1304,7967.107389519573
modification,4832,2070,7964.971579874803
economic,3392,1030,7958.885971441004
lymphocytes,3112,834,7958.785532275201
acculturation,1728,108,7951.482787523627
construct,4388,1760,7944.977207802039
heavy,3372,1020,7944.856399657238
express,4794,2052,7944.202406207256
firing,2202,292,7942.459780578508
angle,3201,901,7939.0514060031655
risks,4346,1732,7938.628188581039
permeability,2887,689,7934.7534836041
inhibited,3945,1442,7929.045433762438
preclinical,3527,1137,7927.056905930643
regional,4115,1569,7923.391405418186
attachment,2913,709,7922.859662153655
boys,2495,451,7914.679984610796
withdrawal,2835,662,7905.165626096694
coding,3875,1402,7897.361207097695
vaginal,2262,328,7895.895896980353
consequences,5572,2609,7895.309372486734
accessed,3735,1301,7891.290399514258
antibiotic,2592,513,7888.513331308782
subset,5453,2534,7885.743647206186
comorbidity,3010,784,7884.016985008453
trait,2666,560,7880.021455268212
english,3336,1014,7879.717341716345
integration,4247,1686,7872.110208581098
mature,3624,1226,7871.950058528149
hair,2313,358,7871.487753676688
alpha,4443,1831,7868.847222239492
original,5559,2614,7866.245561538195
scaffolds,2271,337,7865.837498210878
couples,2391,401,7865.726112295131
intervals,5073,2284,7863.150991388445
confocal,3048,816,7861.613165448197
circadian,2071,242,7858.919048930516
world,5299,2444,7854.667670871295
polymerase,3348,1031,7852.396796750131
immunology,3555,1182,7852.001620073111
matched,4129,1608,7848.9701796694535
diversity,4041,1544,7845.811775922925
formed,4715,2039,7843.256314376294
aggression,2176,293,7841.240278030916
peaks,3190,922,7838.2719510337165
nitric,2745,620,7834.131971002645
persistent,4165,1642,7830.256128323098
africa,2493,467,7821.424789769017
hif1,1816,145,7821.421243184149
devices,3248,969,7819.297413197665
xray,3102,866,7816.416056392942
iqr,2607,538,7810.116312142651
charge,3287,1001,7806.391579891559
deposition,2940,760,7792.074078784845
anal,3148,906,7790.180760575537
cohorts,3710,1320,7784.68094480011
presentation,4297,1759,7782.653443225799
atrial,2161,295,7772.486873708697
classes,3640,1273,7769.769890220469
pediatrics,3817,1406,7768.280891348278
gamma,2975,791,7765.897750337397
autoimmune,2731,627,7763.515363024764
shock,2845,703,7762.089957638775
motif,3045,841,7761.985463462567
enriched,3517,1188,7750.2626054990305
akt,2474,470,7745.972950881816
mgdl,2509,491,7745.884252760332
seizures,2269,355,7740.843201188972
null,3422,1121,7739.5625281848115
lupus,2037,241,7738.332478229735
exhibit,5495,2632,7737.973683284739
quit,1956,206,7737.559660535547
dmso,2830,699,7737.313457825428
texas,3533,1205,7735.323035333826
multivariable,2906,752,7732.7132671801055
reads,2361,408,7726.1755732309
phosphate,3527,1204,7725.114527949644
live,4004,1563,7725.003028858779
registration,2597,551,7718.151441452299
bpa,1373,39,7716.427670857133
condom,1805,150,7712.852492147967
separation,3639,1293,7710.907766852439
aml,1837,162,7708.2126106882315
potent,4023,1584,7707.968204762084
perfusion,2651,589,7701.837851336883
located,5128,2397,7700.771606896089
psychopathology,2546,523,7699.364461236904
ras,2221,336,7699.257758452795
relaxation,2598,556,7697.654396125607
spine,2316,389,7689.361842699787
clustering,3238,1002,7686.786908990975
enrolled,4179,1712,7682.114489495088
cerebellar,2260,360,7678.530200535534
distributions,3843,1460,7676.361953906853
ttest,4124,1679,7661.278970022639
veterans,2860,739,7660.183517421265
spontaneous,3514,1217,7658.902411670008
attentional,2167,314,7658.808120893065
communities,3145,947,7643.559796630018
antigens,2671,616,7640.226699923216
rabbit,3260,1033,7639.6838284832575
thyroid,2344,415,7630.669896552963
physiology,4280,1810,7629.535027505429
lineage,2850,741,7625.696951577271
fields,3656,1339,7619.123817381707
mucosal,2420,462,7618.447677787141
indirect,3539,1251,7615.87582004079
rating,2936,805,7612.582611063449
traditional,4426,1928,7610.264858098343
false,3249,1036,7604.483804644751
genotypes,2662,620,7597.25293508526
pfc,1797,157,7596.706015651195
efficient,5011,2363,7596.658406446571
conventional,4150,1726,7595.005862411629
probes,3356,1122,7587.297422475171
angiogenesis,2752,684,7583.75753528622
conditional,3038,890,7572.10047795464
verbal,2742,681,7568.253043459513
team,3716,1404,7568.017422879986
view,5320,2596,7564.80958216251
lin,5253,2552,7559.335542477694
spectroscopy,2916,806,7557.105669091015
quantified,4635,2112,7547.138617569603
proximal,3270,1071,7544.987725111145
implantation,2411,471,7543.598695635562
emission,3064,918,7541.994254776819
luciferase,2149,322,7541.12514218971
anderson,4760,2209,7536.929558834109
elderly,3159,993,7527.74884970834
neutral,3035,902,7523.975162028127
recommendations,4306,1875,7523.959178489064
ischemia,2481,519,7521.845889808603
radiotherapy,2341,433,7521.506675421289
interviews,3000,879,7514.696605545645
slow,3732,1437,7513.900124612944
medicaid,2261,388,7512.575922490865
assessments,4062,1694,7509.97138919485
untreated,3370,1159,7509.610010040359
colleagues,4075,1706,7505.241430456228
olfactory,2036,270,7503.193039463307
smooth,3018,896,7501.973440034443
gray,4211,1813,7499.561733981174
ibd,1676,123,7494.233012547686
soluble,3255,1078,7489.17240295087
ring,2946,847,7488.682128781404
bladder,2362,452,7487.543747001597
displayed,4646,2150,7482.200157035565
decreases,5334,2647,7480.943342233534
enrollment,3223,1057,7478.951454004088
electrodes,2219,370,7478.431107687349
intact,3952,1622,7478.245236586935
volumes,3274,1097,7475.68562759898
park,5292,2621,7474.2756027450105
physician,3304,1124,7463.850766907281
concerns,3953,1629,7463.114408986266
challenges,5138,2518,7462.757728100761
bdnf,1912,218,7455.248800922412
standardized,4244,1859,7451.996219864656
elisa,2793,747,7450.658696921737
tyrosine,3093,968,7449.341042911361
tomography,3045,932,7449.138647362569
assigned,4584,2120,7446.764834881388
ideation,1847,191,7446.014894569998
balance,4191,1822,7443.189548002628
fractions,2925,847,7435.300484278889
academy,4369,1963,7433.655024735656
biochemistry,4104,1760,7430.762639202272
library,3110,987,7429.832690245093
cytoplasmic,3061,952,7423.288436843031
receive,4413,2002,7421.703111313223
chamber,2944,865,7421.689339286502
job,2281,416,7420.089592047153
apoptotic,2687,681,7416.446363156714
isolation,4258,1886,7415.1805502037605
degeneration,2605,625,7413.653163388696
overnight,4109,1773,7409.576685658491
fed,2611,632,7401.648105431779
pkc,1809,180,7400.124989796118
back,4559,2123,7399.705170202444
surfaces,2814,776,7399.500926292326
electronic,3509,1307,7397.652930489781
discussed,5139,2553,7393.27039429983
gastrointestinal,3015,927,7391.966554913129
window,3413,1234,7391.423388201758
biochemical,4087,1764,7390.704092612751
counseling,2674,679,7388.429495727895
hum,3797,1540,7381.922630799948
reviews,4788,2305,7377.579317965052
objective,4911,2396,7376.949660005372
cat,2533,585,7376.2781707473005
locations,3685,1454,7375.933248374029
auc,2131,338,7374.619302498723
metab,3343,1186,7372.458929946619
basic,5257,2648,7370.965074947346
sickle,1651,124,7369.077033182933
selfreport,3312,1164,7366.1070487546385
thermal,2644,665,7360.622942339759
correlates,5096,2539,7359.430108190158
provider,2701,706,7357.709096038012
upregulation,3564,1366,7356.244711712257
accurate,4894,2396,7351.413487286966
rnaseq,2076,312,7350.452880739529
driving,3332,1186,7348.200165893549
heat,3002,932,7343.945556447433
smoke,2279,429,7343.454984933744
isoforms,2725,727,7343.21361161723
vesicles,2361,480,7342.468380686654
activate,3892,1633,7338.403648210877
tools,4412,2040,7337.061933345718
beads,2569,619,7335.98114984208
cultural,2607,646,7333.18927212318
focal,2981,920,7331.203396644931
spleen,2456,545,7325.997418095236
binds,3767,1540,7323.598248676167
platelets,2007,280,7323.330585203504
fast,4160,1851,7322.442207087882
crosssectional,3909,1654,7320.508960420898
esophageal,1916,236,7318.836357610883
sun,4325,1982,7317.130371917735
pittsburgh,2686,708,7309.249760352922
epub,2495,576,7304.302383233729
liquid,3623,1434,7302.014279282914
vision,2641,678,7301.140839084651
schools,2335,472,7300.855662735644
enhancement,3448,1296,7298.195026265617
ckd,1664,134,7298.044359839136
irradiation,2381,502,7297.964162337127
transporter,2699,721,7295.517453442781
double,4038,1767,7295.233696690249
annual,4832,2378,7294.719105004781
influences,4412,2062,7289.736272362825
docking,2081,325,7283.205713034832
endometrial,1806,191,7280.727070705694
engagement,3090,1020,7280.428907159213
efforts,5021,2527,7274.905102896047
disruption,3916,1679,7274.871107325087
proton,2446,550,7273.8303835841
successful,4936,2466,7272.362223102044
video,2631,680,7265.745836887561
america,4134,1857,7263.298290840336
chinese,2692,725,7261.702603742672
faces,2217,407,7260.388077540037
upregulated,3209,1121,7257.818864098498
examining,4947,2483,7254.582471484439
capture,4346,2028,7252.945532872578
box,4494,2146,7245.77885648581
copd,1818,200,7245.396114567982
slope,2744,769,7240.2986341303895
stimulated,3282,1186,7237.933056561413
start,4190,1919,7224.080692107381
preoperative,2201,405,7218.832534705571
official,5119,2627,7218.230113779529
inclusion,4941,2497,7218.002909523779
trend,4503,2168,7214.3616865947715
perceptions,2759,788,7212.538281028994
modifications,3877,1675,7211.667103166131
gas,2703,747,7210.573024625655
predicting,4033,1805,7200.388722282946
latency,2239,432,7198.963060444115
kinetics,3281,1200,7197.224338722131
ppm,2225,424,7195.539441904767
realtime,3545,1414,7194.598485492034
healing,2409,544,7190.225457100779
pediatr,3016,993,7186.986556100143
admission,2376,523,7185.267069873875
china,2723,769,7184.8881853998
married,2601,680,7182.898107846654
carried,4729,2357,7181.170284376691
enhance,5133,2657,7179.685301321491
ocular,2029,313,7177.548088014625
superior,3545,1421,7177.092277076169
depth,2931,932,7170.254638889882
graph,2872,887,7168.048987334414
engl,4595,2262,7166.7255082642805
respect,4779,2403,7164.72712508709
abdominal,2665,732,7163.26216721715
williams,5021,2584,7162.907894416755
heme,1819,210,7160.632172343438
transformation,3488,1384,7153.715797519448
zhou,4420,2133,7153.323790962365
biophys,3711,1570,7143.128992621181
act,4934,2531,7141.047303903094
lett,3824,1663,7140.575417516545
close,5114,2664,7139.654042438136
bayesian,2275,468,7132.615194893247
path,2949,961,7123.926894471564
raman,1799,206,7116.4978677420495
nac,1614,131,7115.297119000775
beliefs,2464,600,7112.9621294651815
acta,4722,2391,7102.911723660043
solvent,2638,730,7097.906294168886
undergoing,3596,1496,7095.388453166827
vessel,2413,569,7093.7454402947105
utilized,4964,2578,7093.131988529052
lungs,2318,506,7086.466970644164
panels,3164,1146,7086.255349280938
hydrophobic,2548,667,7085.71719928559
underwent,3788,1658,7084.758638753516
scaffold,2395,559,7083.294631843477
extracted,4339,2104,7081.630666575373
reviewed,5011,2619,7081.2241036020205
childs,2413,573,7076.841693408881
occupational,2326,514,7074.4371247333975
neurological,3390,1337,7069.845641043742
sustained,3660,1563,7061.316454950831
glioma,1938,282,7057.763235418296
gold,3375,1330,7056.279714323001
external,3765,1652,7055.3909226298
rejection,2279,487,7054.461366665471
diagnoses,3073,1084,7053.36650524906
motivation,2750,828,7052.844182491615
internalizing,1817,222,7051.788600324181
highrisk,3088,1097,7050.9826566969
transfusion,1827,227,7049.9065589095935
foods,2105,378,7049.2020460725935
nonhispanic,2540,671,7048.283158240924
datasets,2815,880,7048.089632319714
periods,3827,1710,7039.5181916250085
malaria,1718,179,7037.439895897856
solutions,3605,1529,7034.488989778145
copy,2562,691,7034.083580512634
mobility,2615,731,7032.441851368355
mhc,2042,344,7030.691986224721
transfection,2533,672,7025.0866032404565
redox,2353,544,7023.08032401749
intensive,3065,1089,7020.899391614679
cigarettes,2041,346,7015.417026922186
achievement,2180,431,7014.314973890685
hospitalization,2519,667,7005.071281397332
positively,4011,1878,7002.087357899491
hbv,1446,85,7000.13300904077
bile,1830,235,6998.099801262907
hour,3630,1566,6996.476119428207
msm,1573,126,6995.763124598541
lysates,2681,792,6995.057085728776
exon,2304,517,6994.116614458283
monoclonal,3006,1051,6992.5163043422635
cytotoxicity,2514,668,6987.400519956659
alveolar,1910,278,6983.079666293632
zhao,4093,1955,6980.76823644533
clinicians,3305,1303,6977.711619894683
poverty,2237,476,6975.560845074591
ibs,1361,64,6974.8537293462205
androgen,1859,253,6971.797061822069
gwas,1774,212,6966.670949971346
kinases,2681,802,6961.4179994931255
impulsivity,1840,245,6959.663022406425
blockade,2696,815,6957.016280378892
chip,2249,488,6956.985442420953
nanoparticle,1882,268,6949.6553506677055
utilization,3361,1361,6949.56915428794
sperm,1663,165,6947.578780094586
article,4970,2662,6942.348313209316
asian,3045,1102,6938.951409404537
display,3924,1837,6936.8263281861855
jones,4629,2406,6934.070123682841
origin,3862,1788,6931.636590023295
cycles,3195,1230,6929.681245479403
excitation,2605,753,6928.3062925333
postpartum,1764,212,6927.399975056062
suppl,4970,2671,6925.573498859444
scans,2797,905,6924.669456533804
ther,3819,1757,6921.252669332774
maintained,4945,2655,6920.4475518329255
conversion,3169,1212,6920.007764040918
code,3316,1338,6913.039374598517
resting,2634,780,6912.642855725132
codes,2895,990,6907.408692792736
muscles,2186,457,6905.574820419326
pretreatment,2585,745,6902.724331116852
list,3993,1913,6896.932396463237
ablation,2385,597,6896.863466946579
reduces,4899,2634,6894.974506212216
overlap,3545,1540,6891.997820960183
positions,3114,1180,6883.229347778483
phage,1535,122,6876.282277452054
hemoglobin,2267,519,6873.04499483922
carriers,2235,498,6868.342045307777
objects,2200,476,6860.18500633174
protease,2904,1014,6859.322290271062
absorption,2576,751,6858.028422787799
infarction,2615,782,6856.082902088037
progressive,3313,1360,6852.754267889086
cox,3242,1300,6852.175210157978
obtain,4937,2687,6850.103088996657
labor,2144,441,6849.3057817756035
absolute,3670,1665,6848.599345094063
ear,1901,295,6837.342687144948
deaths,2921,1036,6836.779684015795
invest,3688,1686,6835.964786731126
extraction,3245,1312,6828.699460279681
intrinsic,3355,1406,6828.027872798918
run,3707,1706,6827.467480417482
parallel,4154,2083,6821.363675798352
leptin,1745,216,6820.167350610816
translocation,2687,851,6817.648890303798
pathogens,2535,731,6817.300226852306
movements,2329,577,6814.284852783349
alignment,2719,878,6813.915072204984
transient,3587,1611,6811.976224905
comprehension,1787,238,6810.995196349176
boundary,2322,574,6805.908246863278
taking,4367,2265,6805.330731412987
hfd,1256,48,6798.078340647382
representation,3419,1474,6796.796582909346
hydrogels,1573,143,6796.679960834383
integrated,4260,2183,6795.67302511091
regulating,3721,1733,6794.82312699989
pair,3162,1255,6794.483196074314
grown,3178,1269,6793.608370588522
recommended,3861,1853,6791.9721266119395
hip,1906,305,6791.787012164221
repeat,2975,1099,6787.545240095393
platform,3344,1414,6786.667795623515
algorithms,2796,952,6780.631973019639
antitumor,2312,573,6780.629090410829
progress,4358,2271,6779.776440605287
classified,3933,1921,6776.883879297409
difficile,1357,73,6775.805409095566
neuroimage,2254,534,6769.410987999405
metformin,1548,136,6766.352706958799
chicago,3068,1187,6763.404072040342
affective,2463,691,6762.274730211795
gland,2121,444,6761.449371192283
financial,4800,2631,6761.109528768478
equivalent,4174,2130,6761.0723622921505
phantom,1659,183,6759.093840562534
residual,3451,1519,6756.630985699541
soft,2559,768,6755.48883058191
retrospective,3486,1552,6750.234852183898
minimum,4075,2055,6746.784505025484
segments,2629,827,6745.696078123547
link,4497,2401,6745.694135396188
organic,2624,823,6745.589131933199
cpg,1773,240,6742.798506387944
oil,2252,539,6742.416375796222
nutr,2532,751,6740.888185752604
dox,1405,89,6737.041592037895
localized,3485,1560,6730.380690859482
adjuvant,2315,589,6725.671303600485
amplification,2884,1046,6722.474570623812
traits,2362,625,6722.091659087946
empirical,3146,1271,6720.247661304412
arch,4251,2215,6719.454031898636
thought,4704,2580,6717.966271291366
differentially,3411,1504,6712.166692626661
starting,4237,2209,6708.817340500025
biomedical,4013,2023,6707.115226208011
chromatography,2739,930,6706.439254165415
resistant,3099,1237,6703.878881410696
module,2346,618,6702.980194310378
city,3507,1592,6701.6574610847965
attempts,3001,1154,6700.315651716175
referent,1651,186,6699.654139696353
trajectory,2426,680,6699.619688441362
deep,2993,1151,6690.244990933179
represented,4526,2456,6686.687402600383
rehabilitation,2304,591,6685.903293222054
fungal,1786,255,6683.962514780951
consensus,3683,1754,6681.070992007016
filter,2990,1152,6680.942485584223
necrosis,2902,1078,6676.982584750667
aggregation,2382,653,6674.618009152876
thresholds,2504,749,6673.021735838664
displacement,2220,533,6671.460399316696
bleeding,2047,414,6668.753020991784
synapses,2013,392,6667.905337863189
weights,2820,1012,6666.479764115407
cohen,3720,1793,6666.382448454365
fragment,2675,891,6664.332731101635
striatal,1882,312,6663.5608485316925
subtype,2549,789,6660.326568208667
utility,3777,1846,6658.501065246695
metabolite,2304,599,6654.924675267708
catenin,1631,182,6653.953316050586
subjective,2525,772,6652.61552084343
statin,1564,153,6652.076501279645
student,2540,785,6649.720122981678
slices,2427,695,6649.426451382601
purchased,3219,1365,6646.507694573308
proceedings,3378,1506,6642.74024678539
planning,2874,1067,6642.036777818688
records,3191,1343,6640.543019839801
insertion,2441,709,6639.100733030235
examples,3911,1973,6634.515820555286
delivered,3286,1429,6634.281491056945
unclear,4726,2644,6633.581681271381
emerging,4294,2297,6631.329675717496
recombination,2186,519,6627.470824313425
carolina,2866,1067,6623.548157699499
segment,2649,883,6623.449840264949
dual,3321,1465,6622.317245812175
virol,2038,418,6619.836356030946
supplementation,2130,481,6619.6491366815635
chains,2477,744,6617.659045596803
implicated,3883,1961,6610.706309035711
michigan,2621,866,6604.392805869085
attenuated,3114,1291,6603.272422851577
subjected,3337,1488,6602.239653044144
pilot,3286,1447,6593.148826023434
immediately,4323,2342,6592.243088890721
precursor,2919,1125,6591.526573109104
storage,2692,930,6591.3597927029205
weighted,2936,1140,6591.027060047595
clones,2112,477,6581.345285459052
gap,3115,1302,6578.963928790299
extinction,1803,280,6578.95617594515
success,3565,1700,6578.495341896442
microenvironment,2452,736,6577.376343600157
transitions,2499,775,6574.4210213807655
awareness,2545,813,6573.614511180821
terminal,2843,1066,6573.059104072294
cterminal,2497,774,6572.38339584883
investigators,3517,1661,6571.544945216821
graft,1966,382,6563.025367829445
restriction,2718,963,6560.247303265361
biosynthesis,2264,594,6558.36526764066
antiinflammatory,2564,834,6557.302732889979
blocks,3420,1583,6554.79493561228
pre,2678,933,6548.455998015464
plot,3123,1322,6548.252515098299
existing,4134,2210,6543.857306960646
pathological,3214,1405,6543.354266766203
teachers,1701,230,6541.373181828511
agerelated,2433,732,6539.668612697683
colitis,1790,279,6537.924852038457
trained,3255,1444,6537.7047591635055
neurogenesis,1821,297,6537.301913491198
difficulty,3269,1458,6534.282668522317
cysteine,2096,478,6527.097078653931
pol,1762,265,6526.366842657368
net,2473,769,6525.239986226113
pten,1738,252,6524.8946315614285
davis,3845,1972,6524.504488340385
similarity,2871,1109,6524.260735078422
nacl,2763,1015,6523.5531738638065
sensors,2110,489,6522.687893890848
forward,3302,1493,6521.915478519289
editing,2238,584,6521.045869186906
phenotypic,2866,1106,6520.661822082509
theoretical,3318,1508,6520.348514104605
monkeys,1981,401,6516.939953348663
fitness,2012,422,6516.2210457547335
ige,1480,132,6513.305128548752
microscope,3181,1389,6512.602610981881
atrophy,2140,514,6508.725471594786
eligible,3258,1461,6505.598360797099
read,3204,1413,6504.80368078483
angeles,2703,970,6504.465938782111
psychosis,1745,259,6503.363204353991
gastroenterology,2322,654,6502.938435033695
endocrinol,2504,804,6495.58758054165
reson,1863,330,6491.793241171371
selectivity,2470,778,6488.584387794342
bilateral,2476,783,6488.484449838943
tip,2290,633,6488.058557888735
pooled,2945,1189,6487.292735705802
regulator,3231,1445,6487.2637242276205
translational,3941,2077,6482.960536699988
plots,3123,1350,6482.798023360206
allergic,1822,307,6480.555225913242
goals,2806,1069,6479.628823622024
selfadministration,1518,151,6476.40116480714
randomization,2230,590,6474.9415413403985
interact,3787,1947,6474.401987256366
embryo,1956,394,6469.143068101209
organs,2859,1120,6468.7728336642695
seeking,2575,873,6467.751641679034
vegf,1922,372,6467.126210724166
salt,2627,919,6463.4646103800405
situ,2771,1045,6461.727048591903
facility,3118,1355,6460.89208854039
motility,2139,525,6460.390692219156
transcript,2414,741,6459.099102142993
residents,2232,597,6454.423169066988
interneurons,1633,207,6451.925800802893
systolic,2100,499,6449.263107942635
prognosis,2926,1188,6447.90116112885
der,3678,1869,6438.430798263482
perspective,4075,2217,6437.577243080129
immunization,1812,309,6433.220590616396
height,2800,1082,6431.928459023103
fewer,4278,2393,6431.462541733257
immigrants,1498,147,6431.290266773641
dry,2520,840,6426.710323394844
optic,1815,312,6426.335249779501
prolonged,3434,1657,6424.73841728933
element,2917,1190,6423.161600336582
limit,4440,2533,6422.567075922304
serotonin,1975,417,6419.930150193142
hemorrhage,1950,400,6419.8274772302
wnt,1837,327,6417.970244571866
juvenile,1930,388,6412.769363293839
improvements,3172,1426,6410.786984097351
standards,3272,1518,6408.3258925770415
achieve,4312,2435,6407.553222708124
kras,1579,186,6407.482669037275
hsp90,1381,104,6406.863449408505
frequent,3638,1850,6405.582481489743
validated,4089,2248,6402.914213158869
zinc,2000,439,6398.368706250441
recruited,4014,2186,6397.7343612201275
lobe,2154,552,6397.672340714782
mediators,2837,1130,6393.777694199495
primers,2717,1024,6390.959896952752
shear,1800,309,6390.616480744765
tail,2529,860,6390.154232313729
brains,2387,740,6390.079155465196
excess,3153,1419,6387.902608744223
antioxidant,2069,491,6387.498811861748
dogs,1697,250,6384.492173629834
reasons,4229,2378,6384.388885568133
gay,1641,220,6383.582256770618
manual,3392,1639,6383.20869985266
regimen,2478,819,6382.336012856666
icu,1583,191,6381.722565297406
ethnicity,2876,1170,6381.627547663105
ancestry,1678,240,6381.5092463163965
digital,2787,1091,6378.979745883725
gaba,1748,280,6378.266996978437
hscs,1297,79,6373.763980112181
reveals,4320,2461,6373.558292296332
surgeons,2072,497,6371.594229494998
born,2453,802,6369.398863393002
describe,4343,2485,6365.3432595693475
dopaminergic,1929,397,6365.2128995549665
enhancer,1870,358,6363.891958225424
aggressive,2711,1031,6358.377453999285
projections,2215,611,6353.919777568784
rnas,2071,501,6351.917844454257
ophthalmol,1681,246,6351.410099080557
kinetic,2271,658,6346.261434001295
arrows,2988,1291,6336.087989557005
turn,4055,2256,6335.269047776806
strand,2228,627,6333.618538564327
template,2387,758,6332.711908391995
removal,3388,1660,6332.5476778711345
optimization,2730,1058,6332.366459825263
actions,2950,1258,6331.895720373019
enteric,1526,170,6329.6730122830995
typical,4133,2327,6329.0637757778495
jama,3866,2094,6328.071280860473
magn,1816,330,6328.017458919597
tdcs,951,14,6319.039741192462
acoustic,1677,250,6309.247716663071
plays,4212,2407,6307.669347293753
availability,3653,1915,6305.8482883313645
person,2895,1219,6305.013658301855
contained,3932,2165,6304.99395050327
retrieved,2434,807,6304.936478362699
limb,2057,502,6304.87706086832
zone,2224,632,6304.582683447061
lowest,3430,1714,6301.248427956349
hearts,1627,224,6299.805361239888
alter,4062,2282,6299.659269731745
definition,3512,1790,6299.519590187958
predictions,2438,813,6297.238576918994
hill,3247,1549,6293.721552019101
rapidly,4198,2403,6293.685806887551
aqueous,2346,736,6293.0362569681765
yellow,2920,1249,6288.468947738459
mgml,2622,978,6288.012480146138
parasite,1511,168,6285.336597850468
injuries,2143,573,6284.986220047755
transferred,3378,1675,6283.469557517459
protocols,3908,2157,6280.97714822231
victimization,1451,142,6279.72008417734
car,1679,256,6276.952114169273
binge,1698,267,6276.5468130446425
drive,4190,2406,6276.464423899568
west,3345,1653,6266.311155728986
frailty,1391,119,6265.843339866608
glass,2814,1161,6265.784051590037
stored,3402,1706,6265.725483782107
hdl,1602,216,6261.265384342996
guide,4224,2444,6261.20329151922
whites,1982,457,6261.1387438568645
created,4000,2250,6259.993084007705
injections,2360,759,6257.9694935792395
acc,1905,403,6257.443424103316
subgroup,2649,1014,6257.005766848501
representations,2022,488,6254.790824622129
adjacent,3156,1483,6254.7546543411245
responding,2509,892,6247.956042753541
toxicol,2301,713,6245.379597653808
minor,3300,1622,6244.486154032612
glial,2005,478,6243.716432586418
indicators,2787,1146,6241.906971695947
nterminal,2454,846,6240.925453782091
comparative,3875,2151,6238.733093114066
randomly,3528,1838,6234.859634468633
identical,4036,2296,6234.651395359135
intestine,1925,422,6234.456020416432
treat,3841,2123,6234.320587573499
causal,2831,1190,6233.791734848428
seizure,1608,223,6233.43128754236
released,3035,1380,6233.419538729146
immunotherapy,1873,386,6233.056301085707
taylor,3706,2002,6232.683374241289
anesthesia,2147,591,6230.31005666135
mater,1925,423,6229.899805271671
hela,1753,308,6229.432722596612
lancet,3924,2200,6229.236701775038
fisher,3494,1810,6228.41013694018
computer,3139,1480,6227.419407849165
matching,2514,905,6224.032539766172
glioblastoma,1797,338,6218.76625367912
environments,2693,1069,6218.68867498721
sigma,2926,1285,6218.246743716757
minimal,4225,2471,6216.265991894779
sensing,2206,643,6215.4911265698765
measuring,4482,2690,6213.787849935403
trans,2696,1074,6213.035772090745
define,3881,2174,6207.114989953161
synthesized,2979,1340,6206.028183427942
plt00001,2188,631,6205.9948532062845
tracking,2526,924,6201.2585004552975
notch,1669,262,6200.901229011184
congenital,2055,527,6198.873012289307
appl,2867,1240,6195.062647492955
phases,2670,1058,6193.193570598334
log,2596,991,6191.380125935569
replacement,2897,1270,6190.632866808247
perform,3974,2267,6189.390213763439
paired,2901,1276,6185.507274959701
enhances,3505,1843,6184.690998899645
bcl2,1686,275,6182.414759148022
coded,2710,1100,6180.475613091751
cross,3271,1627,6179.54264552801
housing,1930,438,6178.827171740216
facilitate,4362,2611,6177.443451500511
voxels,1749,315,6175.913361778454
primer,2456,872,6171.668504667709
member,3372,1726,6171.171028446268
integrity,3176,1542,6170.485921556925
dimensions,2863,1248,6168.007740046927
dimer,1827,368,6167.22271281348
coupled,3480,1829,6167.113729977153
cdna,2605,1009,6165.953582930871
averaged,3165,1534,6165.577567224649
pharmacological,2941,1323,6164.414236733268
nmda,1684,277,6162.877981861982
wilson,3529,1877,6162.529411807394
root,2455,875,6160.72400501402
instance,3255,1623,6157.327906722282
hepatocytes,1756,324,6151.163079716558
song,3050,1433,6149.282932035272
slightly,4430,2686,6148.287973789237
internet,2189,649,6147.261547347406
cytochrome,1954,463,6147.199415471066
threat,2080,561,6144.242750209608
acetylation,1719,302,6142.428351231073
maintain,4231,2523,6136.980108093544
antibiotics,2111,588,6136.585843435026
opioids,1586,225,6133.987215297612
pdb,1866,402,6133.974310366839
biofilm,1330,107,6132.437059212187
microarray,2175,642,6131.532630960188
parietal,1785,347,6130.330790462556
martin,3869,2208,6127.882217210379
worse,2914,1314,6127.712380692107
characteristic,4275,2567,6126.889752282552
zhu,3359,1737,6126.040070863247
independently,4272,2565,6125.919876720071
figs,2252,710,6121.87912896365
subsets,2523,951,6121.22616232157
signs,2802,1212,6118.605791998313
cochlear,1273,88,6118.479669542343
registry,2340,788,6117.194482641481
pneumonia,1790,353,6116.816119588101
purification,2752,1166,6115.9055468459555
neuroimaging,2142,620,6113.191505241408
employment,2223,688,6113.0164255376485
anger,1580,225,6110.781715113636
posttraumatic,1824,378,6108.192176739387
axial,2157,636,6101.042582569603
hct,1247,81,6096.875560575359
shifts,2589,1022,6094.938351185727
sympathetic,1712,306,6094.888913192595
relations,2387,838,6093.2129440696035
propensity,2138,623,6091.455434968864
negatively,3418,1811,6091.044535827434
carotid,1698,298,6090.0302949220895
precision,2627,1060,6088.491714280673
calculations,2493,936,6088.076246278942
dialysis,1795,364,6078.821167921755
layers,2360,819,6078.415250339682
principal,2839,1267,6073.4062273112
resource,2878,1305,6071.789834864677
broad,3976,2338,6069.891313693473
mediate,3437,1842,6066.568100236726
chang,3597,1993,6065.575943217388
differentiated,2546,994,6064.435940598561
transduction,2556,1004,6062.669606964922
calibration,2141,634,6062.530131984939
observational,2752,1191,6057.524061717693
perceptual,1726,322,6056.762212852228
patch,1827,392,6051.7948595509415
neuropathy,1683,296,6047.564816887866
explained,3717,2115,6047.089448934293
scoring,2508,966,6045.583989425589
supplemented,2897,1336,6043.8616498647125
create,3822,2214,6043.069889505377
activates,2955,1394,6039.284721770174
indices,2433,901,6034.274311404468
advantage,3682,2092,6030.408838819361
neuropsychological,1867,426,6028.999332011218
interference,2416,889,6024.505058138554
agonists,2070,586,6024.453431610396
fertility,1626,265,6022.62910678824
proteomics,2042,565,6017.484107580169
endocrine,2164,668,6014.6120625243475
tumour,2131,640,6014.141421963263
defect,2308,795,6013.128531768307
amounts,3293,1734,6011.363625975668
dosing,2127,639,6006.178596247218
drg,1289,102,6005.07841830888
comorbid,2209,711,6001.878042101307
marked,3495,1933,6000.409228037255
trafficking,2247,745,6000.163083953411
familial,2222,723,6000.010036860496
kda,2114,630,5999.455783566516
currents,1696,314,5994.1571633754675
ezh2,1235,84,5993.290704685992
epidemiol,2704,1174,5990.743814756596
generalized,2902,1366,5989.849089054144
derivatives,2341,833,5989.79994036254
participate,3376,1826,5988.351180233535
blocking,2857,1324,5986.189331862724
extension,2830,1298,5985.7439490898905
hydrogel,1392,146,5985.707385132941
apical,1713,327,5984.748518754277
fragments,2411,900,5982.387785934232
folding,1868,438,5980.336350679131
stratified,2719,1193,5980.324518614632
expectations,2198,709,5978.182470790846
contextual,2037,572,5977.66770630955
restricted,3621,2065,5977.540502375843
dominant,2906,1377,5974.797803272869
decisions,2728,1205,5972.816654511938
latino,1823,407,5970.089068721464
bbb,1358,133,5966.14843837499
pathogenic,2387,884,5965.654141404281
phosphorylated,2214,728,5963.149337660206
give,3215,1684,5963.042377044956
instability,2286,793,5961.569204876834
follow,3452,1914,5960.682986335224
isoform,2026,571,5948.932771558918
improving,3781,2233,5945.934486796047
hba1c,1378,144,5944.513503008412
therapeutics,2892,1378,5943.914049900672
retrieval,1948,509,5943.807240317946
engineered,2240,758,5942.7208524499665
complexity,3182,1664,5939.852588814816
disc,1514,213,5938.500883143324
foci,1767,374,5936.109220844615
pelvic,1615,273,5933.852333189923
mtorc1,1355,135,5932.74417841746
glaucoma,1268,100,5932.355219709198
user,2085,626,5930.435128784112
mexican,1566,244,5929.68333706066
inflammasome,1394,153,5929.024707662292
contributes,3797,2258,5928.821934600511
architecture,2675,1173,5928.773479438003
failed,3501,1979,5928.372208912991
roi,1726,347,5927.703610273598
stronger,3124,1614,5926.893153865436
partially,3930,2385,5921.4463961103465
synuclein,1214,82,5920.634925988474
million,3091,1586,5918.379008141306
inverse,2573,1079,5917.62674982443
add,2730,1232,5916.700668351911
integrin,1737,357,5916.131648938848
eosinophils,1355,137,5912.817348704423
profiling,2695,1200,5911.77067749349
ongoing,3468,1957,5911.260790253368
morbidity,3023,1523,5910.709907421712
row,2224,755,5909.092421699842
virulence,1633,289,5906.980808517639
preschool,1580,256,5906.83998831891
eng,2303,828,5906.436419010251
outpatient,2212,746,5903.735463184549
circuit,2003,565,5902.556644213065
toxic,2491,1007,5901.061607843239
episodes,2111,658,5899.144820421284
outer,2303,833,5892.571235649265
comorbidities,2318,847,5892.316759849047
polymorphisms,2113,664,5885.553616137724
foxp3,1456,189,5885.059909660932
coherence,1628,290,5883.271028761953
criterion,2624,1144,5881.427287339943
coordination,2287,823,5879.253942351839
adenocarcinoma,1945,524,5878.163599255336
real,3019,1536,5877.2287476756865
novo,2288,825,5876.271269132747
contributed,4179,2638,5875.28716218577
cold,2774,1295,5873.716955193176
varying,3592,2098,5872.718766260986
aki,1135,61,5871.139238800736
facial,1761,385,5864.905600598103
respond,3249,1770,5864.279108115049
recording,2254,798,5863.950430363816
called,3474,1990,5863.395829625962
extract,2426,960,5863.036668697626
inferior,2052,618,5862.964773540024
difficulties,2550,1080,5862.366987509424
insights,4038,2520,5861.8417870361
clone,1990,567,5857.215680320554
actual,3176,1702,5856.939275645023
migraine,1188,78,5853.246228138831
ecs,1212,86,5853.1558015756245
spent,2158,715,5851.203840326778
